Titre,Année,Nbr_pages
01_Biblio,1920,259
02_Biblio,1925,273
03_Biblio,1930,259
04_Carnet,1920,62
05_Consei,1877,252
06_Consei,1874,196
07_Consei,1859,278
08_Consid,1873,60
09,1854,280
10,1853,334
11,1867,430
12,1896,710
13,1883,260
14,1858,539
15_Histoi,1858,573
16_Histoi,1858,621
17_Hygiè,1860,154
18_Hygiè,1857,78
19,1912,294
20,1921,342
21,1829,266
22,1854,288
23_Instru,1873,421
24,1882,264
25,1881,372
26,1890,410
27_L'hygi,1895,385
28_L'hygi,1890,314
29_L'hygi,1923,38
30,1911,490
31,1864,476
32_La_gym,1884,841
33_La_mé,1828,569
34,1882,234
35_Le_dev,1877,132
36,1873,374
37,1882,234
38,1883,342
39,1897,378
40_Médec,1905,433
41_Petit_,1880,500
42_Pour_l,1914,327
43,1904,338
44_Santé,1889,340
