Titre,Années
01_Atlas-,"1800, 1854, 1881, 1885, 1886, 1888, 1889, 1894, 1896, 1898, 1899, 1900, 1902, 1903, 1938, 1978, 1997"
02,"1801, 1841, 1870, 1886, 1906, 1908, 1910, 1914, 1922, 1978"
03_Commen,"1864, 1883, 1897, 1899, 1901, 1905, 1906, 1942, 1978"
05_Conque,"1869, 1870, 1880"
07_Consei,"1865, 1882, 1978"
08_Consei,"1887, 1978"
09,"1801, 1804, 1805, 1808, 1809, 1810, 1811, 1815, 1820, 1832, 1836, 1837, 1839, 1840, 1841, 1842, 1843, 1844, 1845, 1847, 1849, 1852, 1854, 1855, 1856, 1857, 1858, 1859, 1860, 1861, 1862, 1863, 1864, 1865, 1866, 1867, 1868, 1869, 1870, 1871, 1872, 1873, 1874, 1875, 1876, 1877, 1878, 1879, 1880, 1881, 1882, 1883, 1884, 1885, 1886, 1887, 1888, 1889, 1890, 1891, 1892, 1893, 1894, 1895, 1896, 1897, 1898, 1899, 1900, 1935, 1978"
10_Essai_,"1800, 1801, 1808, 1814, 1819, 1821, 1823, 1824, 1826, 1828, 1830, 1831, 1832, 1833, 1834, 1837, 1838, 1840, 1843, 1847, 1849, 1850, 1852, 1853, 1854, 1855, 1857, 1859, 1860, 1861, 1863, 1864, 1865, 1866, 1867, 1868, 1869, 1870, 1871, 1872, 1873, 1874, 1875, 1876, 1878, 1879, 1880, 1881, 1882, 1883, 1884, 1885, 1886, 1887, 1888, 1889, 1890, 1891, 1892, 1893, 1894, 1895, 1896, 1897, 1898, 1899, 1900, 1901, 1902, 1903, 1904, 1905, 1906, 1907, 1908, 1909, 1910, 1911, 1912, 1913, 1919, 1933, 1978"
11,"1885, 1887, 1902, 1903, 1978"
12,"1892, 1894, 1901, 1902, 1978"
13,"1892, 1894, 1902, 1908, 1909, 1978"
14,"1834, 1839, 1848, 1851, 1867, 1885, 1886, 1915, 1978, 1987"
15_L'Hygi,"1913, 1944, 1978"
16_L'alla,"1829, 1842, 1859, 1864, 1865, 1869, 1876, 1877, 1921, 1978"
17,"1870, 1877, 1903, 1978"
19_La_fem,"1857, 1863, 1897, 1946, 1978"
21_Le_Bé,"1855, 1892, 1902, 1906, 1978"
22,"1847, 1874, 1880, 1890, 1912, 1913, 1917, 1919, 1920, 1921, 1922, 1978"
24,"1826, 1872, 1878, 1892, 1899, 1978"
25_Les_do,"1904, 1978"
26_Livret,"1924, 1978"
28_Manuel,"1884, 1978"
29_Notice,"1873, 1978"
30_Premie,"1800, 1801, 1804, 1832, 1837, 1849, 1856, 1870, 1871, 1876, 1877, 1878, 1880, 1882, 1883, 1884, 1888, 1889, 1890, 1891, 1892, 1893, 1894, 1895, 1897, 1899, 1900, 1901, 1903, 1904, 1905, 1906, 1978"
